3,0,0,256,256
3,4,4,23,10
3,170,5,26,15
3,7,16,56,68
3,117,26,22,17
3,154,31,20,11
3,165,47,35,31
3,110,49,13,15
1,129,50,14,11
1,136,55,15,14
3,14,66,16,15
3,121,68,10,17
3,60,83,19,28
3,193,82,33,13
3,146,104,23,17
3,15,109,12,11
3,35,114,12,11
3,202,114,32,22
3,146,129,15,12
3,147,132,34,34
3,178,148,43,40
3,112,153,32,20
3,233,156,15,15
3,153,172,13,16
3,82,175,20,14
3,198,178,29,18
3,240,185,13,12
3,124,188,9,12
3,52,190,46,63
3,215,198,19,19
3,32,219,13,13
31.png,99,223,14,12
